{
  "accuracy": 0.9439252336448598,
  "precision": 0.9439252336448598,
  "recall": 0.9439252336448598,
  "f1_score": 0.9439252336448598,
  "cv_accuracy_mean": 0.9764705882352942,
  "cv_accuracy_std": 0.025775179176713684,
  "classification_report": {
    "apartment": {
      "precision": 0.9361702127659575,
      "recall": 0.9361702127659575,
      "f1-score": 0.9361702127659575,
      "support": 47.0
    },
    "standard_home": {
      "precision": 0.95,
      "recall": 0.95,
      "f1-score": 0.95,
      "support": 60.0
    },
    "accuracy": 0.9439252336448598,
    "macro avg": {
      "precision": 0.9430851063829787,
      "recall": 0.9430851063829787,
      "f1-score": 0.9430851063829787,
      "support": 107.0
    },
    "weighted avg": {
      "precision": 0.9439252336448598,
      "recall": 0.9439252336448598,
      "f1-score": 0.9439252336448598,
      "support": 107.0
    }
  },
  "confusion_matrix": [
    [
      44,
      3
    ],
    [
      3,
      57
    ]
  ],
  "feature_names": [
    "total_devices",
    "security_ratio",
    "climate_ratio",
    "lighting_ratio",
    "appliance_ratio",
    "monitoring_ratio",
    "device_count_light",
    "device_count_binary_sensor",
    "device_count_sensor",
    "device_count_switch",
    "device_count_climate",
    "total_events",
    "events_per_day",
    "peak_hour_1",
    "peak_hour_2",
    "peak_hour_3",
    "area_count",
    "indoor_ratio",
    "devices_per_area",
    "pattern_count",
    "avg_pattern_confidence",
    "diversity_ratio"
  ],
  "class_names": [
    "apartment",
    "standard_home"
  ],
  "training_samples": 425,
  "test_samples": 107,
  "model_version": "1.0",
  "training_date": "2025-11-29T20:13:31.359978+00:00"
}