{
  "accuracy": 0.9532710280373832,
  "precision": 0.9535383335973389,
  "recall": 0.9532710280373832,
  "f1_score": 0.9533206297767509,
  "cv_accuracy_mean": 0.9788235294117648,
  "cv_accuracy_std": 0.026201244060376567,
  "classification_report": {
    "apartment": {
      "precision": 0.9375,
      "recall": 0.9574468085106383,
      "f1-score": 0.9473684210526315,
      "support": 47.0
    },
    "standard_home": {
      "precision": 0.9661016949152542,
      "recall": 0.95,
      "f1-score": 0.957983193277311,
      "support": 60.0
    },
    "accuracy": 0.9532710280373832,
    "macro avg": {
      "precision": 0.9518008474576272,
      "recall": 0.9537234042553191,
      "f1-score": 0.9526758071649712,
      "support": 107.0
    },
    "weighted avg": {
      "precision": 0.9535383335973389,
      "recall": 0.9532710280373832,
      "f1-score": 0.9533206297767509,
      "support": 107.0
    }
  },
  "confusion_matrix": [
    [
      45,
      2
    ],
    [
      3,
      57
    ]
  ],
  "feature_names": [
    "total_devices",
    "security_ratio",
    "climate_ratio",
    "lighting_ratio",
    "appliance_ratio",
    "monitoring_ratio",
    "device_count_light",
    "device_count_binary_sensor",
    "device_count_sensor",
    "device_count_switch",
    "device_count_climate",
    "total_events",
    "events_per_day",
    "peak_hour_1",
    "peak_hour_2",
    "peak_hour_3",
    "area_count",
    "indoor_ratio",
    "devices_per_area",
    "pattern_count",
    "avg_pattern_confidence",
    "diversity_ratio"
  ],
  "class_names": [
    "apartment",
    "standard_home"
  ],
  "training_samples": 425,
  "test_samples": 107,
  "model_version": "1.0",
  "training_date": "2025-12-02T21:36:09.452595+00:00"
}