{
  "total": 44145,
  "quality_score_ranges": {
    "0.0": 0,
    "0.1-0.2": 0,
    "0.2-0.3": 0,
    "0.3-0.4": 600,
    "0.4-0.5": 15,
    "0.5-0.6": 6,
    "0.6-0.7": 255,
    "0.7-0.8": 14852,
    "0.8-0.9": 3662,
    "0.9-1.0": 0,
    "1.0": 0,
    "NULL": 24755
  },
  "quality_tier_counts": {
    "high": 18514,
    "medium": 261,
    "low": 615
  },
  "impact_ranges": {
    "0.0-0.1": 0,
    "0.1-0.2": 0,
    "0.2-0.3": 0,
    "0.3-0.4": 0,
    "0.4-0.5": 0,
    "0.5-0.6": 517,
    "0.6-0.7": 32976,
    "0.7-0.8": 220,
    "0.8-0.9": 3249,
    "0.9-1.0": 7183,
    "NULL": 0
  },
  "confidence_ranges": {
    "0.0-0.1": 0,
    "0.1-0.2": 0,
    "0.2-0.3": 0,
    "0.3-0.4": 0,
    "0.4-0.5": 0,
    "0.5-0.6": 517,
    "0.6-0.7": 411,
    "0.7-0.8": 269,
    "0.8-0.9": 35765,
    "0.9-1.0": 7183,
    "NULL": 0
  },
  "final_score_ranges": {
    "0.0": 0,
    "0.0-0.1": 0,
    "0.1-0.2": 0,
    "0.2-0.3": 0,
    "0.3-0.4": 0,
    "0.4-0.5": 0,
    "0.5-0.6": 0,
    "0.6-0.7": 0,
    "0.7-0.8": 0,
    "0.8-0.9": 0,
    "0.9-1.0": 0,
    "NULL": 44145
  },
  "type_stats": {
    "device_pair": {
      "count": 42696,
      "avg_quality": 0.7639451915392402,
      "avg_impact": 0.716035873593825,
      "avg_confidence": 0.9083794186565943
    },
    "device_chain": {
      "count": 1400,
      "avg_quality": 0.3925,
      "avg_impact": 0.85,
      "avg_confidence": 0.8999999999999998
    },
    "scene_based": {
      "count": 14,
      "avg_quality": 0.5025,
      "avg_impact": 0.85,
      "avg_confidence": 0.7
    },
    "weather_context": {
      "count": 35,
      "avg_quality": 0.4525,
      "avg_impact": 0.65,
      "avg_confidence": 0.7
    }
  }
}